"cutoff","distance","side","conv","conv_ci_low","conv_ci_high","bc","bc_ci_low","bc_ci_high","h_left","h_right","n_left","n_right","error"
4.75,0,0,-0.0700501147010613,-0.127586821777527,-0.0125134076245956,-0.0770475049897125,-0.134584212066178,-0.0195107979132468,0.155430467909688,0.0886639380265653,243,786,NA
4.594,0.156,-1,-0.0435745509579231,-0.175408582353099,0.0882594804372528,-0.0355219695153622,-0.167356000910538,0.0963120618798137,0.193359015051534,0.0565445484971343,35,27,NA
4.593,0.157,-1,-0.0407149257376351,-0.176112896559304,0.0946830450840334,-0.0305508635604157,-0.165948834382084,0.104847107261253,0.194189161770858,0.05505539156575,36,26,NA
4.592,0.158,-1,-0.039351401018064,-0.178032322776152,0.0993295207400242,-0.0283906747208543,-0.167071596478942,0.110290247037234,0.19506296164902,0.0540623410140834,36,24,NA
4.591,0.159,-1,-0.0381646828175607,-0.179949976795093,0.103620611159972,-0.0262757066585323,-0.168061000636065,0.115509587319,0.195983250871569,0.0532079568289288,36,23,NA
4.59,0.16,-1,-0.0381632467703029,-0.183151253275765,0.10682475973516,-0.0251737990403416,-0.170161805545804,0.119814207465121,0.19695311996163,0.0525984370856581,36,23,NA
4.589,0.161,-1,-0.0397051422856441,-0.188169527197072,0.108759242625784,-0.0263307304130904,-0.174795115324519,0.122133654498338,0.197975943776392,0.0522232645231805,36,23,NA
4.588,0.162,-1,-0.0433179964286406,-0.195950881087327,0.109314888230046,-0.0322203567730526,-0.184853241431739,0.120412527885634,0.199055415939673,0.0519571621951439,36,20,NA
4.587,0.163,-1,-0.000901304883478768,-0.168388898253154,0.166586288486197,-0.0130730088745329,-0.180560602244208,0.154414584495142,0.200195588505923,0.0403411751111524,36,14,NA
4.586,0.164,-1,0.00177949396488786,-0.170466481007075,0.174025468936851,-0.0140318951410251,-0.186277870112988,0.158214079830938,0.201400917824284,0.0394745379081134,36,14,NA
4.585,0.165,-1,-0.00337010734804939,-0.126824189340015,0.120083974643917,0.0285392254608339,-0.094914856531132,0.1519933074528,0.202676317782727,0.0384608005224427,36,10,NA
4.584,0.166,-1,-0.00477526055281378,-0.127628127599319,0.118077606493692,0.0303170945364678,-0.0925357725100376,0.153169961582973,0.204027221880913,0.0370827158704632,36,10,NA
4.583,0.167,-1,-0.0535187329505581,-6816806.80529679,6816806.69825933,0.00775670311644568,-6816806.74402136,6816806.75953476,0.205459655918001,0.0352013926949953,36,10,NA
4.582,0.168,-1,-0.00791361195321395,-0.129629193558887,0.113801969652459,0.0386124212768461,-0.0831031603288273,0.16032800288252,0.206980323513673,0.0328770653800855,36,10,NA
4.581,0.169,-1,-0.00995204064881618,-0.131246967861888,0.111342886564256,0.0466381263681484,-0.0746568008449236,0.16793305358122,0.208596707234605,0.0309779493626603,36,10,NA
4.58,0.17,-1,-0.0128765886973381,-0.133703357692857,0.10795018029818,0.0605382237216655,-0.060288545273853,0.181364992717184,0.210317188813289,0.0285970458755042,36,10,NA
4.579,0.171,-1,-0.0244959845807836,-347998.225057437,347998.176065467,0.0855462456791391,-347998.115015206,347998.286107698,0.212151192879708,0.0252941980090746,36,10,NA
4.578,0.172,-1,-0.0498210597739245,-0.169556513466235,0.0699143939183861,-0.0694438359381634,-0.189179289630474,0.0502916177541471,0.254418913256284,0.0964969988418572,42,80,NA
4.577,0.173,-1,-0.0529493561563986,-0.172713769651305,0.0668150573385083,-0.0754486871497352,-0.195213100644642,0.0443157263451716,0.255211379656953,0.0939465346349204,42,80,NA
4.576,0.174,-1,-0.0557240084435011,-0.187812420660479,0.0763644037734772,-0.0830603206608821,-0.21514873287786,0.0490280915560961,0.256042671399447,0.0907181097948744,42,80,NA
4.575,0.175,-1,-0.0556417700822725,-0.188997748684536,0.0777142085199912,-0.0828843796666045,-0.216240358268868,0.0504715989356592,0.256914991231177,0.0877535655345959,42,29,NA
4.839,0.089,1,-0.0464422441838621,-0.10731698659134,0.0144324982236155,-0.0617672161999164,-0.122641958607394,-0.000892473792438724,0.0261560528783915,0.0299206807233972,266,367,NA
4.84,0.09,1,-0.0507548981876604,-0.113138843754263,0.0116290473789421,-0.0671573606509329,-0.129541306217535,-0.00477341508433037,0.0210650648899678,0.0277910198104488,221,359,NA
4.841,0.091,1,-0.0535069857273762,-0.118790460249005,0.0117764887942531,-0.0738620757480787,-0.139145550269708,-0.00857860122644946,0.0265404758490583,0.0232507090913468,272,305,NA
4.842,0.092,1,-0.0473449112955932,-0.113561006967845,0.0188711843766585,-0.0644391246380161,-0.130655220310268,0.00177697103423557,0.0255351691894866,0.0246887098443644,261,347,NA
4.843,0.093,1,0.0115247710480078,-0.0553776660227728,0.0784272081187885,0.00813299838006051,-0.0587694386907201,0.0750354354508412,0.0223390840176104,0.0344342703539059,230,503,NA
4.844,0.094,1,0.0100715022064024,-0.0582212323372041,0.0783642367500089,0.00680579407443156,-0.061486940469175,0.0750985286180381,0.0218864816690482,0.033269254629361,219,501,NA
4.845,0.095,1,0.0326539525939864,-0.0252114410426943,0.0905193462306672,0.0340016941500414,-0.0238636994866393,0.0918670877867221,0.0229375873704987,0.0381761893861068,226,547,NA
4.846,0.096,1,0.0418559136226856,-0.01840678917482,0.102118616420191,0.0454362950607256,-0.0148264077367801,0.105698997858231,0.0216262583956555,0.0397667816718793,200,575,NA
4.847,0.097,1,0.0859144073997926,0.0163056680914663,0.155523146708119,0.0962175874828686,0.0266088481745424,0.165826326791195,0.0232695877533346,0.0528327032467814,229,705,NA
4.848,0.098,1,0.0972126448943331,0.0330037311146752,0.161421558673991,0.10841588280199,0.044206969022332,0.172624796581648,0.0234548209772989,0.0458035360838718,238,641,NA
4.849,0.099,1,-0.00598453678492048,-0.0701342331792555,0.0581651596094146,-0.0129988962326789,-0.0771485926270139,0.0511508001616561,0.0302913441554661,0.0409249782042281,303,586,NA
4.85,0.1,1,-0.00432991283943743,-0.0670294101359103,0.0583695844570355,-0.0104494244205734,-0.0731489217170463,0.0522500728758995,0.0290768087974538,0.0431750622321511,305,611,NA
4.851,0.101,1,-0.0872729710619612,-0.156710815189005,-0.0178351269349171,-0.108637790962224,-0.178075635089268,-0.0391999468351794,0.0237570482285985,0.0242558395954359,268,382,NA
4.852,0.102,1,-0.079750177401091,-0.142799012513144,-0.0167013422890382,-0.100323105438796,-0.163371940550849,-0.037274270326743,0.0244695067106411,0.0249657314793645,285,389,NA
4.853,0.103,1,-0.15084263535021,-0.228878512285128,-0.0728067584152912,-0.173740359656602,-0.25177623659152,-0.0957044827216829,0.0200312917639113,0.0194258239749177,274,270,NA
4.854,0.104,1,0.0645155788913503,0.00726627213463495,0.121764885648066,0.0769300739170791,0.0196807671603637,0.134179380673794,0.0236509803139826,0.0395829104351538,290,536,NA
4.855,0.105,1,0.0532090694831085,-0.00240659496440452,0.108824733930622,0.0655458357276014,0.00993017128008836,0.121161500175114,0.02742331170525,0.041307711931458,326,559,NA
4.856,0.106,1,0.0467483379985695,-0.00860222060301624,0.102098896600155,0.0597653783812031,0.00441481977961735,0.115115936982789,0.0296214419204945,0.0440736708601287,333,628,NA
4.857,0.107,1,0.0446118660970229,-0.00850387807286691,0.0977276102669127,0.0564517675335238,0.00333602336363396,0.109567511703414,0.0358586805475918,0.0456027114309195,390,640,NA
4.858,0.108,1,0.0779794663949183,0.032468948937265,0.123489983852572,0.0900522458903022,0.0445417284326488,0.135562763347956,0.0509947317867706,0.0227799762302989,565,307,NA
