"panel","ex_super","condition","filter_id","filter","raw_n","spec","fs_conv","se_conv","pv_conv","fs_bc","se_robust","pv_robust","h_left","h_right","obs_h","error"
"panel_a","t","FULL","baseline","baseline",9550,"msetwo_fe",0.475687759578691,0.0604186868682682,3.45712923349977e-15,0.451375468240774,0.0659294958984803,7.57655153389918e-12,0.0730517696890962,0.153265401491158,3208,""
"panel_a","t","FULL","baseline","baseline",9550,"twomse_fe",0.555681475125026,0.0424216155764604,3.33548418960142e-39,0.433351706574021,0.0661025753475369,5.5364327176408e-11,0.146103539378192,0.306530802982315,8732,""
"panel_a","t","FULL","baseline","baseline",9550,"h020_010_fe",0.523564887351911,0.0409042700705274,1.64456251346701e-37,0.449913849023303,0.058818146455846,2.0217780767643e-14,0.2,0.1,1966,""
"panel_a","t","FULL","baseline","baseline",9550,"h030_015_fe",0.596692656988927,0.0329655131654891,3.15721056068816e-73,0.479439106090468,0.0478085935152199,1.14465890864185e-23,0.3,0.15,3294,""
"panel_a","t","FULL","baseline","baseline",9550,"h040_020_fe",0.622791371126256,0.0304039496413041,2.99695566632675e-93,0.49474291952889,0.0451979616735038,6.93449151581455e-28,0.4,0.2,4813,""
"panel_a","t","FULL","baseline","baseline",9550,"msetwo_no_fe",0.472200877314718,0.0593316962303673,1.73910512948733e-15,0.446680213584423,0.0647837039776869,5.38848412061608e-12,0.0762206768176027,0.153374422812332,3208,""
"panel_a","t","FULL","drop_av365_sum0","drop quarter-sum availability_365=0",9328,"msetwo_fe",0.446549713828396,0.0585849290073239,2.49267261160697e-14,0.420529609935279,0.0643060369612018,6.1723037184533e-11,0.06774769388993,0.154451365472594,3166,""
"panel_a","t","FULL","drop_av365_sum0","drop quarter-sum availability_365=0",9328,"twomse_fe",0.529079633349193,0.0420339721491945,2.49104569101437e-36,0.40077941285275,0.0645396507321223,5.30463779012989e-10,0.13549538777986,0.308902730945188,8536,""
"panel_a","t","FULL","drop_av365_sum0","drop quarter-sum availability_365=0",9328,"h020_010_fe",0.505945396138149,0.0401680755023005,2.22947146577311e-36,0.416448039304411,0.0561589007140202,1.21138951318422e-13,0.2,0.1,1918,""
"panel_a","t","FULL","drop_av365_sum0","drop quarter-sum availability_365=0",9328,"h030_015_fe",0.58710328983529,0.0326752700301705,3.48143909521403e-72,0.455560032576615,0.0466922058622558,1.72748957255222e-22,0.3,0.15,3214,""
"panel_a","t","FULL","drop_av365_sum0","drop quarter-sum availability_365=0",9328,"h040_020_fe",0.616100426575719,0.0301763891988267,1.18974667214272e-92,0.473290634735542,0.0442102956974281,9.59744156476332e-27,0.4,0.2,4696,""
"panel_a","t","FULL","drop_av365_sum0","drop quarter-sum availability_365=0",9328,"msetwo_no_fe",0.4427935503972,0.0587879375157438,4.99506973215495e-14,0.416245129481987,0.0645578330523252,1.13611452256829e-10,0.0671172176384633,0.154368585290951,3166,""
"panel_a","t","FULL","host_listings_eq_calculated","host_listings_count = calculated_host_listings_count",7100,"msetwo_fe",0.623153771898848,0.058680683116667,2.42106723156135e-26,0.597262895675862,0.0655233171297736,7.84729609686807e-20,0.086006486378162,0.149677396457525,2120,""
"panel_a","t","FULL","host_listings_eq_calculated","host_listings_count = calculated_host_listings_count",7100,"twomse_fe",0.676960290644924,0.043302362307237,4.31616633005786e-55,0.585911748008183,0.0629374044378164,1.28512756835026e-20,0.172012972756324,0.29935479291505,6399,""
"panel_a","t","FULL","host_listings_eq_calculated","host_listings_count = calculated_host_listings_count",7100,"h020_010_fe",0.61928281329268,0.0461072798148183,3.96146749454561e-41,0.589502038074092,0.0638457408045191,2.6260570275919e-20,0.2,0.1,1362,""
"panel_a","t","FULL","host_listings_eq_calculated","host_listings_count = calculated_host_listings_count",7100,"h030_015_fe",0.679618749592979,0.0372480435563088,2.23617770360651e-74,0.587790729134679,0.0532862147058217,2.71374386658132e-28,0.3,0.15,2253,""
"panel_a","t","FULL","host_listings_eq_calculated","host_listings_count = calculated_host_listings_count",7100,"h040_020_fe",0.701775714104662,0.0339873531480722,1.01445737833208e-94,0.605161151899239,0.0502801382926896,2.30419584536867e-33,0.4,0.2,3197,""
"panel_a","t","FULL","host_listings_eq_calculated","host_listings_count = calculated_host_listings_count",7100,"msetwo_no_fe",0.620127687877963,0.0538887815411931,1.20867540069747e-30,0.589390358437172,0.0618449548701698,1.57088871802901e-21,0.0938477283767406,0.154911556418864,2249,""
"panel_a","t","FULL","host_total_listings_eq_calculated","host_total_listings_count = calculated_host_listings_count",4264,"msetwo_fe",0.588124752329311,0.100367885215381,4.63730390844222e-09,0.561860029112172,0.11012508278013,3.36052803809395e-07,0.0628272174617661,0.146947521852033,1150,""
"panel_a","t","FULL","host_total_listings_eq_calculated","host_total_listings_count = calculated_host_listings_count",4264,"twomse_fe",0.584439517589413,0.0690248240816754,2.51595934852974e-17,0.574736451926587,0.114879599251393,5.64607085337197e-07,0.125654434923532,0.293895043704065,3860,""
"panel_a","t","FULL","host_total_listings_eq_calculated","host_total_listings_count = calculated_host_listings_count",4264,"h020_010_fe",0.577278088692331,0.0616392001099138,7.57357225003602e-21,0.486268360795112,0.0910503787777526,9.26130378171745e-08,0.2,0.1,812,""
"panel_a","t","FULL","host_total_listings_eq_calculated","host_total_listings_count = calculated_host_listings_count",4264,"h030_015_fe",0.681142028753593,0.0492645594237787,1.77114858219692e-43,0.51247929680172,0.0739197161659768,4.12248530414506e-12,0.3,0.15,1277,""
"panel_a","t","FULL","host_total_listings_eq_calculated","host_total_listings_count = calculated_host_listings_count",4264,"h040_020_fe",0.712502052379645,0.0450305713031335,2.17227078393107e-56,0.541520116324494,0.0700206970146416,1.04452713301079e-14,0.4,0.2,1827,""
"panel_a","t","FULL","host_total_listings_eq_calculated","host_total_listings_count = calculated_host_listings_count",4264,"msetwo_no_fe",0.549298080853418,0.0835067403863295,4.77173768353260e-11,0.514517829794201,0.0981172552271427,1.57210870466295e-07,0.0887460850086941,0.12342884754078,967,""
"panel_a","t","Q1Q2","baseline","baseline",4531,"msetwo_fe",0.46673814285496,0.0913188908583893,3.20322550152664e-07,0.438997595393293,0.0998818950473122,1.10687694588383e-05,0.0831137438276864,0.12757542714857,1311,""
"panel_a","t","Q1Q2","baseline","baseline",4531,"twomse_fe",0.556696116517546,0.0592455144656289,5.64477140279276e-21,0.444957744115953,0.093240238979507,1.82256685950258e-06,0.166227487655373,0.25515085429714,4184,""
"panel_a","t","Q1Q2","baseline","baseline",4531,"h020_010_fe",0.532931209013178,0.0591298592977486,2.00687521477236e-19,0.444220639714234,0.0892104477890271,6.37590363212163e-07,0.2,0.1,1019,""
"panel_a","t","Q1Q2","baseline","baseline",4531,"h030_015_fe",0.630259283083523,0.0450480008575036,1.77310234112101e-44,0.488973301135144,0.0700649715270013,2.97594688491301e-12,0.3,0.15,1673,""
"panel_a","t","Q1Q2","baseline","baseline",4531,"h040_020_fe",0.659563566881719,0.0411203574084835,6.73377842024218e-58,0.51035244965463,0.0657254074662691,8.16975705700956e-15,0.4,0.2,2355,""
"panel_a","t","Q1Q2","baseline","baseline",4531,"msetwo_no_fe",0.50056905166071,0.0762940527440635,5.34304025110941e-11,0.47035071747907,0.088140223703161,9.48147017132983e-08,0.0934871866603357,0.105698527510643,1038,""
"panel_a","t","Q1Q2","drop_av365_sum0","drop quarter-sum availability_365=0",4437,"msetwo_fe",0.402473454418316,0.0956848478772975,2.59654251305556e-05,0.36902971051919,0.104697521489221,0.000423926617552845,0.0685854937769612,0.122252851020453,1130,""
"panel_a","t","Q1Q2","drop_av365_sum0","drop quarter-sum availability_365=0",4437,"twomse_fe",0.495032885071874,0.0628522584527456,3.37662863905505e-15,0.38170204966169,0.105169363998182,0.000284076986799998,0.137170987553922,0.244505702040907,2541,""
"panel_a","t","Q1Q2","drop_av365_sum0","drop quarter-sum availability_365=0",4437,"h020_010_fe",0.510424498075027,0.0586899496399449,3.40875441921272e-18,0.391680165129833,0.0869616476955525,6.6668503112057e-06,0.2,0.1,991,""
"panel_a","t","Q1Q2","drop_av365_sum0","drop quarter-sum availability_365=0",4437,"h030_015_fe",0.623538255910371,0.0451632454529192,2.33453974569962e-43,0.45695074537453,0.0695169539300939,4.92361784526124e-11,0.3,0.15,1628,""
"panel_a","t","Q1Q2","drop_av365_sum0","drop quarter-sum availability_365=0",4437,"h040_020_fe",0.657538894423222,0.0411919758990368,2.32115880438512e-57,0.483588808279116,0.065262509388311,1.26392643387543e-13,0.4,0.2,2294,""
"panel_a","t","Q1Q2","drop_av365_sum0","drop quarter-sum availability_365=0",4437,"msetwo_no_fe",0.439448251213836,0.0909104071576547,1.33910256044617e-06,0.412835555252433,0.100421796092783,3.93922837751652e-05,0.0790289974575518,0.10274498194905,934,""
"panel_a","t","Q1Q2","host_listings_eq_calculated","host_listings_count = calculated_host_listings_count",3422,"msetwo_fe",0.617828999794512,0.0713344602782235,4.67572264613029e-18,0.600559339956941,0.0801430575558713,6.70140445789594e-14,0.130610901802264,0.12041357887753,856,""
"panel_a","t","Q1Q2","host_listings_eq_calculated","host_listings_count = calculated_host_listings_count",3422,"twomse_fe",0.689996175677644,0.051835803322821,1.99284785993339e-40,0.603794691771722,0.0743813673260845,4.75677077789626e-16,0.261221803604528,0.240827157755061,1809,""
"panel_a","t","Q1Q2","host_listings_eq_calculated","host_listings_count = calculated_host_listings_count",3422,"h020_010_fe",0.627767193994486,0.0657255922664042,1.28034783949632e-21,0.618946959680405,0.090920991795465,9.92917949911142e-12,0.2,0.1,704,""
"panel_a","t","Q1Q2","host_listings_eq_calculated","host_listings_count = calculated_host_listings_count",3422,"h030_015_fe",0.68777879356213,0.0513728059153053,7.10749800079188e-41,0.599486493418437,0.0757510397057408,2.4943968401814e-15,0.3,0.15,1169,""
"panel_a","t","Q1Q2","host_listings_eq_calculated","host_listings_count = calculated_host_listings_count",3422,"h040_020_fe",0.71332094631222,0.0466480382703434,8.70494006809065e-53,0.612761491927048,0.0712414557064314,7.88918626090335e-18,0.4,0.2,1567,""
"panel_a","t","Q1Q2","host_listings_eq_calculated","host_listings_count = calculated_host_listings_count",3422,"msetwo_no_fe",0.619947002965945,0.0688768754985231,2.24078173204035e-19,0.602076257195415,0.0782283924322562,1.39963622920136e-14,0.146669258593754,0.129263490819974,964,""
"panel_a","t","Q1Q2","host_total_listings_eq_calculated","host_total_listings_count = calculated_host_listings_count",2133,"msetwo_fe",0.697644188932852,0.101705793122721,6.91338449658126e-12,0.675257715312558,0.115565603349161,5.12479882547505e-09,0.0834788981407525,0.145137721745174,606,""
"panel_a","t","Q1Q2","host_total_listings_eq_calculated","host_total_listings_count = calculated_host_listings_count",2133,"twomse_fe",0.702759517390426,0.0761613784768854,2.77688109689659e-20,0.656842040675427,0.103354331495543,2.08095442280888e-10,0.166957796281505,0.290275443490348,1931,""
"panel_a","t","Q1Q2","host_total_listings_eq_calculated","host_total_listings_count = calculated_host_listings_count",2133,"h020_010_fe",0.630777883162388,0.0833228787648966,3.7240823059978e-14,0.622439556396806,0.107775932599842,7.6810960973804e-09,0.2,0.1,413,""
"panel_a","t","Q1Q2","host_total_listings_eq_calculated","host_total_listings_count = calculated_host_listings_count",2133,"h030_015_fe",0.714861543409573,0.0681124303447535,9.07725787251817e-26,0.591838809334436,0.0964703306770985,8.51962354890856e-10,0.3,0.15,654,""
"panel_a","t","Q1Q2","host_total_listings_eq_calculated","host_total_listings_count = calculated_host_listings_count",2133,"h040_020_fe",0.748120999641562,0.0615828433554423,5.86389635602499e-34,0.615809055355076,0.091830971099692,2.0017255991688e-11,0.4,0.2,930,""
"panel_a","t","Q1Q2","host_total_listings_eq_calculated","host_total_listings_count = calculated_host_listings_count",2133,"msetwo_no_fe",0.644525876726591,0.0887195068527666,3.73702665867521e-13,0.621505003471678,0.107026596385584,6.35966082400474e-09,0.10254420753188,0.149631809658043,623,""
"panel_a","t","Q2Q3","baseline","baseline",5055,"msetwo_fe",0.36672704548005,0.0805517191345638,5.29641669736367e-06,0.326886523000717,0.0888821429858514,0.000235298112239161,0.0696481010279401,0.152206675160007,1751,""
"panel_a","t","Q2Q3","baseline","baseline",5055,"twomse_fe",0.500195701306049,0.0570325320486692,1.78099732019288e-18,0.317078309898104,0.0891467315630774,0.000375380264825018,0.13929620205588,0.304413350320015,4665,""
"panel_a","t","Q2Q3","baseline","baseline",5055,"h020_010_fe",0.463004428159398,0.0560928255770069,1.52854007107526e-16,0.349519878366285,0.0791442101786908,1.0043226923689e-05,0.2,0.1,1028,""
"panel_a","t","Q2Q3","baseline","baseline",5055,"h030_015_fe",0.549507676292699,0.045951862983957,5.87291115602435e-33,0.402858465363722,0.0655471284976056,7.94168873964189e-10,0.3,0.15,1803,""
"panel_a","t","Q2Q3","baseline","baseline",5055,"h040_020_fe",0.584678063179069,0.0422730644907328,1.65738546851856e-43,0.421963453447829,0.061791016133176,8.55799353638911e-12,0.4,0.2,2568,""
"panel_a","t","Q2Q3","baseline","baseline",5055,"msetwo_no_fe",0.353276997535457,0.0776928589290702,5.43908285176318e-06,0.310007123242045,0.086186142467392,0.00032197209356218,0.0743376605374283,0.158464133252046,1860,""
"panel_a","t","Q2Q3","drop_av365_sum0","drop quarter-sum availability_365=0",4947,"msetwo_fe",0.335707497952836,0.0861446723938056,9.73836416226634e-05,0.293726914395824,0.0949314729318544,0.00197414832214596,0.0662373647475732,0.147445471256645,1629,""
"panel_a","t","Q2Q3","drop_av365_sum0","drop quarter-sum availability_365=0",4947,"twomse_fe",0.471918080109443,0.0595848058635828,2.37304929186861e-15,0.286500065195048,0.0961576897189128,0.00288736590236411,0.132474729495146,0.29489094251329,4564,""
"panel_a","t","Q2Q3","drop_av365_sum0","drop quarter-sum availability_365=0",4947,"h020_010_fe",0.441867526148864,0.0578283051125363,2.15499179030588e-14,0.317992783102682,0.0823922521018959,0.0001136198997454,0.2,0.1,1001,""
"panel_a","t","Q2Q3","drop_av365_sum0","drop quarter-sum availability_365=0",4947,"h030_015_fe",0.533928637779914,0.0472246958091073,1.22366047133307e-29,0.377556418542354,0.06780539027023,2.57331065277291e-08,0.3,0.15,1756,""
"panel_a","t","Q2Q3","drop_av365_sum0","drop quarter-sum availability_365=0",4947,"h040_020_fe",0.571382253014118,0.043321449189929,1.01037397991139e-39,0.398440857944111,0.0637349623385254,4.06457995117311e-10,0.4,0.2,2504,""
"panel_a","t","Q2Q3","drop_av365_sum0","drop quarter-sum availability_365=0",4947,"msetwo_no_fe",0.321634040233191,0.0816595146562756,8.19171401585089e-05,0.275841988294691,0.0907463876100217,0.00236812229583517,0.074280136345621,0.151183033292306,1696,""
"panel_a","t","Q2Q3","host_listings_eq_calculated","host_listings_count = calculated_host_listings_count",3826,"msetwo_fe",0.48828212910529,0.100842807347895,1.285307059905e-06,0.456704600633049,0.112145044711835,4.65220560576492e-05,0.0852362291400272,0.109317053120433,802,""
"panel_a","t","Q2Q3","host_listings_eq_calculated","host_listings_count = calculated_host_listings_count",3826,"twomse_fe",0.578974479608361,0.0701105569934648,1.48107012034899e-16,0.482068861621505,0.104392093846158,3.87703591848061e-06,0.170472458280054,0.218634106240866,1860,""
"panel_a","t","Q2Q3","host_listings_eq_calculated","host_listings_count = calculated_host_listings_count",3826,"h020_010_fe",0.548110448925813,0.0719457196908166,2.56862076290421e-14,0.472302425017795,0.104256012485248,5.89229606795348e-06,0.2,0.1,728,""
"panel_a","t","Q2Q3","host_listings_eq_calculated","host_listings_count = calculated_host_listings_count",3826,"h030_015_fe",0.633157554208616,0.0577485694618965,5.69019801497467e-28,0.500922923610732,0.0852430600231253,4.19266504787472e-09,0.3,0.15,1245,""
"panel_a","t","Q2Q3","host_listings_eq_calculated","host_listings_count = calculated_host_listings_count",3826,"h040_020_fe",0.665664780674778,0.0523890079007496,5.46307732974579e-37,0.527193145368802,0.0802830936108301,5.14504774770525e-11,0.4,0.2,1702,""
"panel_a","t","Q2Q3","host_listings_eq_calculated","host_listings_count = calculated_host_listings_count",3826,"msetwo_no_fe",0.518310709909107,0.0831129664601423,4.48271727772441e-10,0.477764702176834,0.0931253858760032,2.89222438298653e-07,0.119295864524075,0.121663224980818,908,""
"panel_a","t","Q2Q3","host_total_listings_eq_calculated","host_total_listings_count = calculated_host_listings_count",2383,"msetwo_fe",0.586332862804478,0.101314705674364,7.15508618541181e-09,0.561682509794275,0.111297106826394,4.49518981786791e-07,0.0730491690118508,0.104520615904127,417,""
"panel_a","t","Q2Q3","host_total_listings_eq_calculated","host_total_listings_count = calculated_host_listings_count",2383,"twomse_fe",0.620191481303528,0.0766976415252334,6.15615809733654e-16,0.587783176315865,0.107513067257548,4.57494325123907e-08,0.146098338023702,0.209041231808255,1044,""
"panel_a","t","Q2Q3","host_total_listings_eq_calculated","host_total_listings_count = calculated_host_listings_count",2383,"h020_010_fe",0.606896837865309,0.0749754524498629,5.74494263778763e-16,0.538863332581724,0.104652843621583,2.61800980229566e-07,0.2,0.1,445,""
"panel_a","t","Q2Q3","host_total_listings_eq_calculated","host_total_listings_count = calculated_host_listings_count",2383,"h030_015_fe",0.694366310379139,0.0638101543539302,1.40828931273154e-27,0.546149595854769,0.0900150724277908,1.30068130939517e-09,0.3,0.15,714,""
"panel_a","t","Q2Q3","host_total_listings_eq_calculated","host_total_listings_count = calculated_host_listings_count",2383,"h040_020_fe",0.73551543938223,0.0595510258519396,4.81024504919194e-35,0.574461767574898,0.0851493394146756,1.51432635454955e-11,0.4,0.2,1001,""
"panel_a","t","Q2Q3","host_total_listings_eq_calculated","host_total_listings_count = calculated_host_listings_count",2383,"msetwo_no_fe",0.576532481934038,0.0924545564899367,4.49339706358588e-10,0.545319357987183,0.106804709459798,3.29465275662921e-07,0.0987240776352085,0.0838080565054143,385,""
"panel_a","t","Q3Q4","baseline","baseline",5019,"msetwo_fe",0.471415810948937,0.0751006829066839,3.44907433148074e-10,0.443748133427915,0.0835611520703267,1.09349042565138e-07,0.0841440285899965,0.104667735595083,962,""
"panel_a","t","Q3Q4","baseline","baseline",5019,"twomse_fe",0.507298637165924,0.056349407394595,2.20168455464837e-19,0.461067206356142,0.0788983721441288,5.10197896946651e-09,0.168288057179993,0.209335471190166,2587,""
"panel_a","t","Q3Q4","baseline","baseline",5019,"h020_010_fe",0.505763915331554,0.0578731930662044,2.34820561055817e-18,0.443706026812621,0.0802137984409345,3.17427117969038e-08,0.2,0.1,947,""
"panel_a","t","Q3Q4","baseline","baseline",5019,"h030_015_fe",0.554827045258248,0.0483629718599236,1.8208809294931e-30,0.467130111257061,0.0669672548921297,3.0478407918038e-12,0.3,0.15,1621,""
"panel_a","t","Q3Q4","baseline","baseline",5019,"h040_020_fe",0.572872550952017,0.0448732266368398,2.52352228550325e-37,0.479081088942809,0.0633621634133261,3.99993342409552e-14,0.4,0.2,2458,""
"panel_a","t","Q3Q4","baseline","baseline",5019,"msetwo_no_fe",0.469055768882954,0.0720583978959103,7.54596936451841e-11,0.439424423124551,0.081392506484535,6.70763564817999e-08,0.0853097990319784,0.124871088519784,1200,""
"panel_a","t","Q3Q4","drop_av365_sum0","drop quarter-sum availability_365=0",4891,"msetwo_fe",0.454207885777175,0.0761484160734582,2.4497693713815e-09,0.423724009012916,0.0849681435650169,6.13693507201094e-07,0.084589900117229,0.102683471900602,925,""
"panel_a","t","Q3Q4","drop_av365_sum0","drop quarter-sum availability_365=0",4891,"twomse_fe",0.493661900013183,0.0573569248253062,7.51018711700969e-18,0.443490842809974,0.0803462486702541,3.39491030203112e-08,0.169179800234458,0.205366943801204,2466,""
"panel_a","t","Q3Q4","drop_av365_sum0","drop quarter-sum availability_365=0",4891,"h020_010_fe",0.491551351713938,0.0591150653671639,9.16269362746482e-17,0.423960620867217,0.0820832001112806,2.40424949655816e-07,0.2,0.1,927,""
"panel_a","t","Q3Q4","drop_av365_sum0","drop quarter-sum availability_365=0",4891,"h030_015_fe",0.544104638505862,0.0491948319717786,1.95662615339586e-28,0.450663166240399,0.0684834882806892,4.68520285604768e-11,0.3,0.15,1586,""
"panel_a","t","Q3Q4","drop_av365_sum0","drop quarter-sum availability_365=0",4891,"h040_020_fe",0.562973138887086,0.0455387241799077,4.16908251707049e-35,0.463878355908741,0.0646582751672483,7.26740382631806e-13,0.4,0.2,2402,""
"panel_a","t","Q3Q4","drop_av365_sum0","drop quarter-sum availability_365=0",4891,"msetwo_no_fe",0.448356219351993,0.0744671174474416,1.73490893134715e-09,0.415863560041367,0.083745934605015,6.84268668122448e-07,0.0847376304363381,0.113852550894703,1064,""
"panel_a","t","Q3Q4","host_listings_eq_calculated","host_listings_count = calculated_host_listings_count",3678,"msetwo_fe",0.621089819968131,0.0902137180282193,5.79300277791088e-12,0.598662462044184,0.0974671080103266,8.13863375529774e-10,0.0769910296247219,0.108623073549031,677,""
"panel_a","t","Q3Q4","host_listings_eq_calculated","host_listings_count = calculated_host_listings_count",3678,"twomse_fe",0.619498954049383,0.0662716775694362,8.94314260274245e-21,0.600406063987389,0.0929166069860538,1.03482948846146e-10,0.153982059249444,0.217246147098062,1783,""
"panel_a","t","Q3Q4","host_listings_eq_calculated","host_listings_count = calculated_host_listings_count",3678,"h020_010_fe",0.626017106433743,0.0655006899843978,1.2073763591153e-21,0.576653145102781,0.0908406092901158,2.18179568258507e-10,0.2,0.1,658,""
"panel_a","t","Q3Q4","host_listings_eq_calculated","host_listings_count = calculated_host_listings_count",3678,"h030_015_fe",0.673078623411238,0.0546672505146632,7.77917316635553e-35,0.592118580083307,0.0761285614244273,7.37517754395906e-15,0.3,0.15,1084,""
"panel_a","t","Q3Q4","host_listings_eq_calculated","host_listings_count = calculated_host_listings_count",3678,"h040_020_fe",0.686056554636652,0.0503180687300587,2.50047113663686e-42,0.608748453607497,0.0723188767726685,3.84407810476744e-17,0.4,0.2,1630,""
"panel_a","t","Q3Q4","host_listings_eq_calculated","host_listings_count = calculated_host_listings_count",3678,"msetwo_no_fe",0.613033980051471,0.077003044685858,1.70426297307523e-15,0.586440806879444,0.085930919233605,8.81945451057075e-12,0.100363815254732,0.122999867059763,815,""
"panel_a","t","Q3Q4","host_total_listings_eq_calculated","host_total_listings_count = calculated_host_listings_count",2131,"msetwo_fe",0.357040090278765,0.224105147619798,0.111119565198335,0.331934687593042,0.273106825290362,0.224212657754743,0.0531381910738669,0.0923487332158925,337,""
"panel_a","t","Q3Q4","host_total_listings_eq_calculated","host_total_listings_count = calculated_host_listings_count",2131,"twomse_fe",0.35609026648902,0.135343906586654,0.00851332063326981,0.28852645862335,0.256778592303514,0.261166174411017,0.106276382147734,0.184697466431785,802,""
"panel_a","t","Q3Q4","host_total_listings_eq_calculated","host_total_listings_count = calculated_host_listings_count",2131,"h020_010_fe",0.488275492394312,0.100010974026766,1.04898582227815e-06,0.264435949726451,0.166126127359052,0.111434547742162,0.2,0.1,399,""
"panel_a","t","Q3Q4","host_total_listings_eq_calculated","host_total_listings_count = calculated_host_listings_count",2131,"h030_015_fe",0.608344742285614,0.0791379751859236,1.50459758056949e-14,0.389233068077798,0.124174716532766,0.00172112200769772,0.3,0.15,623,""
"panel_a","t","Q3Q4","host_total_listings_eq_calculated","host_total_listings_count = calculated_host_listings_count",2131,"h040_020_fe",0.636589959612896,0.0725615725304113,1.73812959869277e-18,0.418896872988353,0.118877856508228,0.000425471636552014,0.4,0.2,897,""
"panel_a","t","Q3Q4","host_total_listings_eq_calculated","host_total_listings_count = calculated_host_listings_count",2131,"msetwo_no_fe",0.303584940067027,0.202404524822139,0.133642364575728,0.254078704059532,0.23627895659606,0.282225392405985,0.069955017527405,0.0966232467677741,348,""
"panel_b","f","FULL","baseline","baseline",1181,"msetwo_fe",0.294806443140105,0.0624579347130306,2.35752004988039e-06,0.294313934260161,0.0730155416098309,5.55779710147165e-05,0.0996716768995757,0.0602666721032066,343,""
"panel_b","f","FULL","baseline","baseline",1181,"twomse_fe",0.355899377886925,0.0502820919660049,1.4619243334461e-12,0.292044221208198,0.0625351969823842,3.01086011399957e-06,0.199343353799151,0.120533344206413,527,""
"panel_b","f","FULL","baseline","baseline",1181,"h020_010_fe",0.34404381830674,0.0533648058135151,1.1407288380195e-10,0.308865798945026,0.0672663477987217,4.39684194386799e-06,0.2,0.1,494,""
"panel_b","f","FULL","baseline","baseline",1181,"h030_015_fe",0.422949022179561,0.0456329882296724,1.88794792284251e-20,0.312250938058542,0.0589566331554996,1.18184464192406e-07,0.3,0.15,622,""
"panel_b","f","FULL","baseline","baseline",1181,"h040_020_fe",0.466792477471718,0.0421831586560321,1.83714167887519e-28,0.33350520180539,0.0545416409488494,9.67451170040066e-10,0.4,0.2,673,""
"panel_b","f","FULL","baseline","baseline",1181,"msetwo_no_fe",0.351668028511177,0.0585493640789404,1.89745245532434e-09,0.356061846636426,0.0671020516218293,1.1188896271826e-07,0.116481645115488,0.0592362555903327,370,""
"panel_b","f","FULL","drop_av365_sum0","drop quarter-sum availability_365=0",1138,"msetwo_fe",0.261539818010143,0.0635682880831556,3.88334641875759e-05,0.260297706173236,0.0746124604885014,0.000485443332217917,0.0979925809379884,0.0612119831933249,331,""
"panel_b","f","FULL","drop_av365_sum0","drop quarter-sum availability_365=0",1138,"twomse_fe",0.332648536299575,0.0509907500578768,6.85922249096427e-11,0.261943032368725,0.0631937619519152,3.39698997601533e-05,0.195985161875977,0.12242396638665,510,""
"panel_b","f","FULL","drop_av365_sum0","drop quarter-sum availability_365=0",1138,"h020_010_fe",0.319426950507919,0.0545016017826632,4.60440838423996e-09,0.278974728422791,0.0686047512670794,4.77438606193159e-05,0.2,0.1,477,""
"panel_b","f","FULL","drop_av365_sum0","drop quarter-sum availability_365=0",1138,"h030_015_fe",0.404387365135648,0.0465050290455347,3.45117184027171e-18,0.286905727079243,0.0601015589897383,1.80887976376435e-06,0.3,0.15,601,""
"panel_b","f","FULL","drop_av365_sum0","drop quarter-sum availability_365=0",1138,"h040_020_fe",0.450385098913149,0.0429434186819752,9.82149698260132e-26,0.311094704046816,0.0555798248109514,2.17766595016014e-08,0.4,0.2,650,""
"panel_b","f","FULL","drop_av365_sum0","drop quarter-sum availability_365=0",1138,"msetwo_no_fe",0.329393391241654,0.0596055653054172,3.27206162055726e-08,0.332973331815013,0.06842976181711,1.13929089279472e-06,0.11617730453894,0.0597793061864223,357,""
"panel_b","f","FULL","host_listings_eq_calculated","host_listings_count = calculated_host_listings_count",949,"msetwo_fe",0.306051993915014,0.0820547475865568,0.000191592929175947,0.310663797438672,0.0927761470928209,0.000812412142352022,0.0987005335647082,0.0530218458553961,271,""
"panel_b","f","FULL","host_listings_eq_calculated","host_listings_count = calculated_host_listings_count",949,"twomse_fe",0.331574926160775,0.0625758284154635,1.16585341896758e-07,0.319650706576555,0.0811145469747673,8.12332773115475e-05,0.197401067129416,0.106043691710792,394,""
"panel_b","f","FULL","host_listings_eq_calculated","host_listings_count = calculated_host_listings_count",949,"h020_010_fe",0.333453748191213,0.0634267587894082,1.46182614339654e-07,0.323085369211259,0.0824335111737625,8.8789944067799e-05,0.2,0.1,391,""
"panel_b","f","FULL","host_listings_eq_calculated","host_listings_count = calculated_host_listings_count",949,"h030_015_fe",0.413711719813671,0.0537867213988212,1.4518441367411e-14,0.300505563537889,0.0702373288431575,1.88215333125454e-05,0.3,0.15,485,""
"panel_b","f","FULL","host_listings_eq_calculated","host_listings_count = calculated_host_listings_count",949,"h040_020_fe",0.45725962517988,0.0491127909633163,1.27354359710405e-20,0.324159630127445,0.0640630236049402,4.19231399623701e-07,0.4,0.2,529,""
"panel_b","f","FULL","host_listings_eq_calculated","host_listings_count = calculated_host_listings_count",949,"msetwo_no_fe",0.364595999566457,0.0759582346633575,1.58702419919217e-06,0.370864471537755,0.0825748158117266,7.08050504811827e-06,0.116232869675035,0.0509647302646324,296,""
"panel_b","f","FULL","host_total_listings_eq_calculated","host_total_listings_count = calculated_host_listings_count",484,"msetwo_fe",0.463590127862764,0.112930325625994,4.04142368593735e-05,0.447170054844579,0.121883267239993,0.000243654684101556,0.171625190405601,0.110777254229691,184,""
"panel_b","f","FULL","host_total_listings_eq_calculated","host_total_listings_count = calculated_host_listings_count",484,"twomse_fe",0.540057330576531,0.0964526428069941,2.15347197319413e-08,0.508541856930434,0.118444915583528,1.75887603020809e-05,0.343250380811202,0.221554508459383,246,""
"panel_b","f","FULL","host_total_listings_eq_calculated","host_total_listings_count = calculated_host_listings_count",484,"h020_010_fe",0.467334888285113,0.113666302271183,3.93158506244154e-05,0.444174935462037,0.123395354506603,0.000318696949963611,0.2,0.1,183,""
"panel_b","f","FULL","host_total_listings_eq_calculated","host_total_listings_count = calculated_host_listings_count",484,"h030_015_fe",0.505464120159771,0.10326846998732,9.84754871519138e-07,0.497994307736977,0.12169933504122,4.27659121449316e-05,0.3,0.15,226,""
"panel_b","f","FULL","host_total_listings_eq_calculated","host_total_listings_count = calculated_host_listings_count",484,"h040_020_fe",0.540674091106824,0.0970837795101379,2.55985641142335e-08,0.505659310963937,0.119152161112004,2.1975497216901e-05,0.4,0.2,244,""
"panel_b","f","FULL","host_total_listings_eq_calculated","host_total_listings_count = calculated_host_listings_count",484,"msetwo_no_fe",0.547051165537174,0.120696989839968,5.83078397470458e-06,0.536157520359527,0.130005852513343,3.72182403544681e-05,0.275794569641091,0.102629206617611,203,""
"panel_b","f","Q1Q2","baseline","baseline",588,"msetwo_fe",0.438654675284373,0.0865417264648926,4.00526733780481e-07,0.423443624549829,0.0993924757471921,2.04135599704623e-05,0.16067115728936,0.0886643567338704,232,""
"panel_b","f","Q1Q2","baseline","baseline",588,"twomse_fe",0.563172233007234,0.0662610886727128,1.90753196397911e-17,0.435338708783282,0.092815787694846,2.72735540538687e-06,0.32134231457872,0.177328713467741,327,""
"panel_b","f","Q1Q2","baseline","baseline",588,"h020_010_fe",0.458546768421403,0.0810330779229962,1.52470284554863e-08,0.426862289305626,0.114075074986834,0.000182603824204169,0.2,0.1,244,""
"panel_b","f","Q1Q2","baseline","baseline",588,"h030_015_fe",0.542648480345685,0.0682970279317496,1.93536011070545e-15,0.431503274296757,0.0946043351060868,5.08775217598632e-06,0.3,0.15,316,""
"panel_b","f","Q1Q2","baseline","baseline",588,"h040_020_fe",0.586536383038055,0.0632916562189417,1.91097991804489e-20,0.457133892821369,0.087768712316776,1.90483775659523e-07,0.4,0.2,344,""
"panel_b","f","Q1Q2","baseline","baseline",588,"msetwo_no_fe",0.482659660386132,0.0866752388499924,2.56795506060971e-08,0.478454854371526,0.100172799396563,1.78554279497608e-06,0.179103741317585,0.0791250482308518,228,""
"panel_b","f","Q1Q2","drop_av365_sum0","drop quarter-sum availability_365=0",563,"msetwo_fe",0.428465354954131,0.0873028731242822,9.2102015997843e-07,0.409085408291062,0.100656573257339,4.82037195753972e-05,0.16226380927374,0.0916994619917614,222,""
"panel_b","f","Q1Q2","drop_av365_sum0","drop quarter-sum availability_365=0",563,"twomse_fe",0.560234835244807,0.0673252258788231,8.6988100769855e-17,0.424317474090739,0.0936374781051914,5.85685817205872e-06,0.324527618547479,0.183398923983523,319,""
"panel_b","f","Q1Q2","drop_av365_sum0","drop quarter-sum availability_365=0",563,"h020_010_fe",0.447005704425538,0.0826435642029461,6.34347454763728e-08,0.41416933451291,0.115566511663165,0.000338608183115265,0.2,0.1,233,""
"panel_b","f","Q1Q2","drop_av365_sum0","drop quarter-sum availability_365=0",563,"h030_015_fe",0.534420531554102,0.0697622008642168,1.8506196905552e-14,0.418536249113894,0.0959452043034091,1.28736054609098e-05,0.3,0.15,304,""
"panel_b","f","Q1Q2","drop_av365_sum0","drop quarter-sum availability_365=0",563,"h040_020_fe",0.579278734534616,0.0646883689395407,3.40002755229677e-19,0.446340027432234,0.0890336165587638,5.35425175356183e-07,0.4,0.2,331,""
"panel_b","f","Q1Q2","drop_av365_sum0","drop quarter-sum availability_365=0",563,"msetwo_no_fe",0.469632324106598,0.0875521741498752,8.1386225352201e-08,0.460191257232056,0.101256721749119,5.49881920184081e-06,0.182902850713251,0.0840210054882533,228,""
"panel_b","f","Q1Q2","host_listings_eq_calculated","host_listings_count = calculated_host_listings_count",478,"msetwo_fe",0.37313102111272,0.103577304917984,0.000315244239483162,0.352867508401833,0.120185752619975,0.00332455250422304,0.182902954428494,0.0846508634517344,187,""
"panel_b","f","Q1Q2","host_listings_eq_calculated","host_listings_count = calculated_host_listings_count",478,"twomse_fe",0.530091169710882,0.0746989297657576,1.28077230607741e-12,0.374779000057189,0.110085127819801,0.000662981272640059,0.365805908856987,0.169301726903469,255,""
"panel_b","f","Q1Q2","host_listings_eq_calculated","host_listings_count = calculated_host_listings_count",478,"h020_010_fe",0.38839544471919,0.0990286809599459,8.7798742113616e-05,0.320413874219767,0.145498870714299,0.0276529984856597,0.2,0.1,190,""
"panel_b","f","Q1Q2","host_listings_eq_calculated","host_listings_count = calculated_host_listings_count",478,"h030_015_fe",0.505738445266249,0.079547216675951,2.04778410196449e-10,0.343699905005577,0.11730930300122,0.00339114093889688,0.3,0.15,241,""
"panel_b","f","Q1Q2","host_listings_eq_calculated","host_listings_count = calculated_host_listings_count",478,"h040_020_fe",0.554487191258503,0.0716905444692408,1.03848128652305e-14,0.393926833087414,0.105552873522138,0.000189940426062143,0.4,0.2,265,""
"panel_b","f","Q1Q2","host_listings_eq_calculated","host_listings_count = calculated_host_listings_count",478,"msetwo_no_fe",0.424217357369551,0.103569420124048,4.20402277796463e-05,0.413057949530086,0.120884874747812,0.000633261841203442,0.20476698738392,0.0836382052525405,191,""
"panel_b","f","Q1Q2","host_total_listings_eq_calculated","host_total_listings_count = calculated_host_listings_count",262,"msetwo_fe",0.207989146447908,0.167632336389522,0.21469960502885,0.158831672820324,0.184143788276206,0.388389566165447,0.183689618398392,0.0860008451227712,85,""
"panel_b","f","Q1Q2","host_total_listings_eq_calculated","host_total_listings_count = calculated_host_listings_count",262,"twomse_fe",0.398739265530558,0.140328269597612,0.00449053769501436,0.332002918043998,0.19478905116588,0.0883021100810454,0.367379236796784,0.172001690245542,123,""
"panel_b","f","Q1Q2","host_total_listings_eq_calculated","host_total_listings_count = calculated_host_listings_count",262,"h020_010_fe",0.23352473966576,0.166036966778396,0.159586882042535,0.118363552793318,0.223935440216807,0.597109981736146,0.2,0.1,87,""
"panel_b","f","Q1Q2","host_total_listings_eq_calculated","host_total_listings_count = calculated_host_listings_count",262,"h030_015_fe",0.367982515022896,0.146037015401384,0.011742508657769,0.290059050230501,0.202444657568707,0.151920162633112,0.3,0.15,117,""
"panel_b","f","Q1Q2","host_total_listings_eq_calculated","host_total_listings_count = calculated_host_listings_count",262,"h040_020_fe",0.420338610453329,0.138381180973444,0.00238516385439854,0.346402528377668,0.191644835637071,0.070680706728335,0.4,0.2,126,""
"panel_b","f","Q1Q2","host_total_listings_eq_calculated","host_total_listings_count = calculated_host_listings_count",262,"msetwo_no_fe",0.394758540466781,0.182866531909672,0.0308715138483293,0.371047225205255,0.197199513412469,0.0598926746872701,0.228619834794977,0.0825100233624664,87,""
"panel_b","f","Q2Q3","baseline","baseline",547,"msetwo_fe",0.539122611890673,0.0844545800995448,1.72994572024836e-10,0.503407499576603,0.0948490595251376,1.11163967511766e-07,0.243127059899087,0.0981048380319864,221,""
"panel_b","f","Q2Q3","baseline","baseline",547,"twomse_fe",0.608261672278209,0.0696028149678408,2.35102968351488e-18,0.510907426417491,0.0870996500866922,4.47024929007532e-09,0.486254119798174,0.196209676063973,312,""
"panel_b","f","Q2Q3","baseline","baseline",547,"h020_010_fe",0.527068313246096,0.0853719862275686,6.66740700580396e-10,0.450135733921639,0.102291991527161,1.08002578167125e-05,0.2,0.1,214,""
"panel_b","f","Q2Q3","baseline","baseline",547,"h030_015_fe",0.580286264118603,0.075244273696046,1.23829844779541e-14,0.481688099646361,0.0930708617423242,2.27303331558523e-07,0.3,0.15,274,""
"panel_b","f","Q2Q3","baseline","baseline",547,"h040_020_fe",0.604463349219721,0.0697822796256754,4.63019895541342e-18,0.508054083007807,0.0878068364578944,7.20640108912281e-09,0.4,0.2,308,""
"panel_b","f","Q2Q3","baseline","baseline",547,"msetwo_no_fe",0.584388749542782,0.0831594110600712,2.10520786573062e-12,0.550401064958893,0.0927455863890382,2.94696189731073e-09,0.252553312388452,0.0954772731367059,240,""
"panel_b","f","Q2Q3","drop_av365_sum0","drop quarter-sum availability_365=0",522,"msetwo_fe",0.52090446997449,0.0854733313045195,1.09882421588198e-09,0.48565962943753,0.0960599609756618,4.28597821201726e-07,0.238484070484107,0.103259213003393,213,""
"panel_b","f","Q2Q3","drop_av365_sum0","drop quarter-sum availability_365=0",522,"twomse_fe",0.599229052651693,0.0699848040921975,1.10663035582565e-17,0.500788343173485,0.087866390486717,1.20208660381023e-08,0.476968140968214,0.206518426006785,301,""
"panel_b","f","Q2Q3","drop_av365_sum0","drop quarter-sum availability_365=0",522,"h020_010_fe",0.506436705953247,0.0870105252177138,5.87043553498298e-09,0.429294873701994,0.104179231421404,3.77667694460465e-05,0.2,0.1,205,""
"panel_b","f","Q2Q3","drop_av365_sum0","drop quarter-sum availability_365=0",522,"h030_015_fe",0.565311122309918,0.0765392626861599,1.51428814978249e-13,0.463893701147576,0.0949272331562138,1.0247003385402e-06,0.3,0.15,262,""
"panel_b","f","Q2Q3","drop_av365_sum0","drop quarter-sum availability_365=0",522,"h040_020_fe",0.593068246724233,0.0709450263666745,6.29598075841114e-17,0.491892361876067,0.0895330440927812,3.92984755034573e-08,0.4,0.2,295,""
"panel_b","f","Q2Q3","drop_av365_sum0","drop quarter-sum availability_365=0",522,"msetwo_no_fe",0.576579275159939,0.0839266616862058,6.41852324854878e-12,0.54460313697129,0.093661215259728,6.07765815390295e-09,0.250086392186668,0.101443381711455,231,""
"panel_b","f","Q2Q3","host_listings_eq_calculated","host_listings_count = calculated_host_listings_count",450,"msetwo_fe",0.49677852257013,0.0893964771905731,2.74410346679618e-08,0.458971854540399,0.101793642933623,6.51812151100227e-06,0.247181449466092,0.111746457306424,183,""
"panel_b","f","Q2Q3","host_listings_eq_calculated","host_listings_count = calculated_host_listings_count",450,"twomse_fe",0.574842897698175,0.0730363076034192,3.52815607273796e-15,0.47665843660202,0.0914491796949448,1.86536949167251e-07,0.494362898932184,0.223492914612847,249,""
"panel_b","f","Q2Q3","host_listings_eq_calculated","host_listings_count = calculated_host_listings_count",450,"h020_010_fe",0.480130547393923,0.0935560145005926,2.8666189690591e-07,0.401498494402955,0.116694816581417,0.000580457000579789,0.2,0.1,168,""
"panel_b","f","Q2Q3","host_listings_eq_calculated","host_listings_count = calculated_host_listings_count",450,"h030_015_fe",0.535766208263409,0.0814340202567452,4.73161913605046e-11,0.433453492309238,0.102264673659425,2.24972395815206e-05,0.3,0.15,211,""
"panel_b","f","Q2Q3","host_listings_eq_calculated","host_listings_count = calculated_host_listings_count",450,"h040_020_fe",0.563337839412353,0.0750126411761094,5.91701032903732e-14,0.461188715987429,0.0949446323519698,1.18907709481199e-06,0.4,0.2,241,""
"panel_b","f","Q2Q3","host_listings_eq_calculated","host_listings_count = calculated_host_listings_count",450,"msetwo_no_fe",0.538901143277888,0.0891373107449138,1.4872434357287e-09,0.506045239498266,0.101133744505619,5.62335568481788e-07,0.257045388355432,0.103151409659732,188,""
"panel_b","f","Q2Q3","host_total_listings_eq_calculated","host_total_listings_count = calculated_host_listings_count",226,"msetwo_fe",0.540849213909631,0.134654701891709,5.90528583346533e-05,0.518057640846476,0.143073048636119,0.000293544771276597,0.241035401089722,0.108620670230471,91,""
"panel_b","f","Q2Q3","host_total_listings_eq_calculated","host_total_listings_count = calculated_host_listings_count",226,"twomse_fe",0.616992315293473,0.120008792683127,2.72951609051865e-07,0.543059004598763,0.143274272446716,0.000150437838077976,0.482070802179445,0.217241340460942,121,""
"panel_b","f","Q2Q3","host_total_listings_eq_calculated","host_total_listings_count = calculated_host_listings_count",226,"h020_010_fe",0.531754512299918,0.13704032078029,0.000104337232875473,0.464530844582594,0.154691308112747,0.00267373056850596,0.2,0.1,85,""
"panel_b","f","Q2Q3","host_total_listings_eq_calculated","host_total_listings_count = calculated_host_listings_count",226,"h030_015_fe",0.579105509683867,0.128549038414356,6.63921738875559e-06,0.509830378984741,0.149391525732149,0.000643196771113058,0.3,0.15,107,""
"panel_b","f","Q2Q3","host_total_listings_eq_calculated","host_total_listings_count = calculated_host_listings_count",226,"h040_020_fe",0.612185353366371,0.121747311502992,4.94776346010814e-07,0.523514144376374,0.145773914247555,0.000329064795188117,0.4,0.2,118,""
"panel_b","f","Q2Q3","host_total_listings_eq_calculated","host_total_listings_count = calculated_host_listings_count",226,"msetwo_no_fe",0.585846593727414,0.149811252057997,9.20805907163227e-05,0.561395695732264,0.161206454489134,0.000496821770320462,0.271150151334072,0.135834660028183,102,""
"panel_b","f","Q3Q4","baseline","baseline",593,"msetwo_fe",0.243825962746454,0.10098030542452,0.0157529618847657,0.216806108185879,0.12326637876411,0.0786043156828056,0.118105868174188,0.0706464663244315,197,""
"panel_b","f","Q3Q4","baseline","baseline",593,"twomse_fe",0.310707807034561,0.0704552884088467,1.03370719746481e-05,0.2222722994322,0.100417700633072,0.0268647575360782,0.236211736348376,0.141292932648863,293,""
"panel_b","f","Q3Q4","baseline","baseline",593,"h020_010_fe",0.280600650601108,0.082453330853456,0.000666148882112719,0.231808806937996,0.123030790933004,0.0595443124608106,0.2,0.1,250,""
"panel_b","f","Q3Q4","baseline","baseline",593,"h030_015_fe",0.341146630089223,0.0676288296697782,4.54955069182552e-07,0.229296971724898,0.097065973422588,0.0181629363689566,0.3,0.15,306,""
"panel_b","f","Q3Q4","baseline","baseline",593,"h040_020_fe",0.379502981305471,0.0616402383254761,7.42571491800179e-10,0.246993558187841,0.0866367873736444,0.00435945051129979,0.4,0.2,329,""
"panel_b","f","Q3Q4","baseline","baseline",593,"msetwo_no_fe",0.278111774410813,0.0896501279322844,0.00192094304347407,0.261999620024605,0.108367454214923,0.0156190961475193,0.175988218669502,0.0719127255565636,224,""
"panel_b","f","Q3Q4","drop_av365_sum0","drop quarter-sum availability_365=0",575,"msetwo_fe",0.199750756656344,0.101892792777019,0.0499489117906755,0.170507133137296,0.124719677173827,0.171586770465594,0.115875990463525,0.0704561224084527,191,""
"panel_b","f","Q3Q4","drop_av365_sum0","drop quarter-sum availability_365=0",575,"twomse_fe",0.279144135645958,0.0715194299508209,9.49868373800767e-05,0.184060309770871,0.101430300150411,0.0695779929958671,0.231751980927051,0.140912244816905,286,""
"panel_b","f","Q3Q4","drop_av365_sum0","drop quarter-sum availability_365=0",575,"h020_010_fe",0.246627502471267,0.0834867754681991,0.0031359188050724,0.194856089969786,0.123359616127214,0.114203625744451,0.2,0.1,244,""
"panel_b","f","Q3Q4","drop_av365_sum0","drop quarter-sum availability_365=0",575,"h030_015_fe",0.313718634143582,0.0685524781405674,4.73208128393351e-06,0.195119506844737,0.0979521354217941,0.0463723426043579,0.3,0.15,297,""
"panel_b","f","Q3Q4","drop_av365_sum0","drop quarter-sum availability_365=0",575,"h040_020_fe",0.354431531120122,0.062530545567834,1.44360782783972e-08,0.214811024332744,0.0875123154453662,0.0141026660742858,0.4,0.2,319,""
"panel_b","f","Q3Q4","drop_av365_sum0","drop quarter-sum availability_365=0",575,"msetwo_no_fe",0.249861429326727,0.0908931507723238,0.00597850957215955,0.237773919753786,0.109757150490393,0.0302833964312951,0.167791083390708,0.0711167956872269,218,""
"panel_b","f","Q3Q4","host_listings_eq_calculated","host_listings_count = calculated_host_listings_count",471,"msetwo_fe",0.353322614238971,0.140566030674646,0.0119515920714286,0.359900346192103,0.172367250763843,0.0367991291188139,0.129517924680645,0.0655043398134391,161,""
"panel_b","f","Q3Q4","host_listings_eq_calculated","host_listings_count = calculated_host_listings_count",471,"twomse_fe",0.340602918066237,0.0887095238268985,0.000123269840127222,0.345666881701549,0.141027391644144,0.0142435414011239,0.25903584936129,0.131008679626878,231,""
"panel_b","f","Q3Q4","host_listings_eq_calculated","host_listings_count = calculated_host_listings_count",471,"h020_010_fe",0.339761870406447,0.10404532785014,0.00109264136841242,0.3757293018188,0.167233753264194,0.0246572069463495,0.2,0.1,201,""
"panel_b","f","Q3Q4","host_listings_eq_calculated","host_listings_count = calculated_host_listings_count",471,"h030_015_fe",0.36293223342222,0.0820226903731652,9.65413049460001e-06,0.30584267396747,0.126760060255232,0.0158318739067607,0.3,0.15,244,""
"panel_b","f","Q3Q4","host_listings_eq_calculated","host_listings_count = calculated_host_listings_count",471,"h040_020_fe",0.395769345314991,0.0733797453948279,6.91209346911362e-08,0.296122657074899,0.108610421069877,0.00640164818388088,0.4,0.2,264,""
"panel_b","f","Q3Q4","host_listings_eq_calculated","host_listings_count = calculated_host_listings_count",471,"msetwo_no_fe",0.34089037968423,0.124196761606858,0.00605550518003968,0.357239418953952,0.147146255643166,0.0151913610676544,0.178518523403845,0.0620492624099996,180,""
"panel_b","f","Q3Q4","host_total_listings_eq_calculated","host_total_listings_count = calculated_host_listings_count",222,"msetwo_fe",0.666577973210734,0.159165702220338,2.81485737897634e-05,0.670025765530308,0.180645010284321,0.000208018381789884,0.266164932455818,0.111396262837325,103,""
"panel_b","f","Q3Q4","host_total_listings_eq_calculated","host_total_listings_count = calculated_host_listings_count",222,"twomse_fe",0.674880135820332,0.129941508325382,2.06130319544476e-07,0.64616191862535,0.174371122333979,0.000210832270697988,0.532329864911635,0.222792525674651,120,""
"panel_b","f","Q3Q4","host_total_listings_eq_calculated","host_total_listings_count = calculated_host_listings_count",222,"h020_010_fe",0.665796512334576,0.165681737248075,5.85631326873173e-05,0.616346266441903,0.20119153178235,0.00218778709753374,0.2,0.1,96,""
"panel_b","f","Q3Q4","host_total_listings_eq_calculated","host_total_listings_count = calculated_host_listings_count",222,"h030_015_fe",0.649363446202728,0.149304341796876,1.36597498940482e-05,0.655387902277493,0.188163300023565,0.00049567947707861,0.3,0.15,109,""
"panel_b","f","Q3Q4","host_total_listings_eq_calculated","host_total_listings_count = calculated_host_listings_count",222,"h040_020_fe",0.672386547710845,0.132894775218395,4.20267176181087e-07,0.643015965401677,0.178251025380303,0.000309326027439795,0.4,0.2,118,""
"panel_b","f","Q3Q4","host_total_listings_eq_calculated","host_total_listings_count = calculated_host_listings_count",222,"msetwo_no_fe",0.676074663444046,0.169046137393017,6.35166990617713e-05,0.686183047422689,0.192027663755509,0.000352436194145561,0.299513427447262,0.109240891407406,106,""
